ID,Ptprm,2610305D13Rik,Tspan12,Spnb2,Atox1,Tmem100,Rps2,Emilin1,Lmna,Dbn1
10X_P7_4_AAACCTGCACGACGAA,-0.496353368178595,-0.38795494365445693,1.32238780718787,1.065512049822,-0.213565977679924,-0.538624475084503,-0.6832845747222529,-0.5887260103469929,0.400240082397601,-0.409014967488886
10X_P7_4_AAACCTGGTTCCACGG,-0.496353368178595,-0.38795494365445693,-0.600850188165021,0.292962283541853,-1.59692570219437,-0.538624475084503,0.334299776568072,-0.5887260103469929,-1.02974996700722,-0.409014967488886
10X_P7_4_AAACCTGTCTCGATGA,1.9538974268592,4.27097679131364,-0.600850188165021,0.14225297225706196,-1.59692570219437,-0.538624475084503,-0.13853990151647594,-0.5887260103469929,-1.02974996700722,-0.409014967488886
10X_P7_4_AAAGCAAAGTGAATTG,-0.496353368178595,-0.38795494365445693,-0.600850188165021,-2.00644525021386,-1.59692570219437,-0.538624475084503,0.6830544440018579,3.82471343705312,-1.02974996700722,-0.409014967488886
10X_P7_4_AAATGCCAGTCCATAC,-0.496353368178595,-0.38795494365445693,-0.600850188165021,-0.210442914451486,0.419706916889829,0.427509311904719,0.5383206770007161,1.13489976857093,-0.25433294476790497,1.06410519639941
10X_P7_4_AAGACCTAGTCCCACG,0.7211501938413409,-0.38795494365445693,0.4691735596618161,-0.0518902398022146,-1.59692570219437,3.5114669678309705,0.34834357308375297,-0.5887260103469929,1.09007544339001,-0.409014967488886
10X_P7_4_AAGACCTCAGGGTTAG,-0.496353368178595,-0.38795494365445693,-0.600850188165021,0.473803807825167,-0.315990883775384,-0.538624475084503,0.607610851893167,2.10293084643196,-1.02974996700722,-0.409014967488886
10X_P7_4_AAGACCTTCTCAAACG,1.5145373840670402,2.93732994562496,2.00917485045072,0.835922607274165,0.28043088452009,-0.538624475084503,0.590741143872586,1.22248112869778,0.284299268541408,-0.409014967488886
10X_P7_4_AAGGCAGGTCACCTAA,-0.496353368178595,-0.38795494365445693,-0.600850188165021,0.00735473142655575,-0.409782332754507,-0.538624475084503,0.442303510071973,-0.5887260103469929,-1.02974996700722,-0.409014967488886
10X_P7_4_AAGGTTCCAGCTATTG,2.6117079282640003,3.09218682842883,-0.600850188165021,-2.00644525021386,1.8517498767095104,-0.538624475084503,0.164114071800779,-0.5887260103469929,-1.02974996700722,-0.409014967488886
10X_P7_4_AATCCAGCATGATCCA,-0.496353368178595,-0.38795494365445693,-0.600850188165021,1.8778519599736,0.797659185691856,-0.538624475084503,-1.07918763941327,-0.5887260103469929,-1.02974996700722,-0.409014967488886
10X_P7_4_ACACCAAAGAAGCCCA,-0.496353368178595,-0.38795494365445693,0.514503283976114,0.6776512484252579,-0.31643692350241104,-0.538624475084503,0.216271007772294,1.7228036544462202,0.293901560108576,-0.409014967488886
10X_P7_4_ACACCAACATCTCGCT,-0.496353368178595,-0.38795494365445693,1.8468022523994496,-0.005717466583520871,-1.59692570219437,0.975572705388964,1.05188404311104,-0.5887260103469929,0.18554162570777905,-0.409014967488886
10X_P7_4_ACACCCTCAGTCGATT,-0.496353368178595,-0.38795494365445693,-0.600850188165021,0.768230626925301,-1.59692570219437,-0.538624475084503,0.8639722466680891,-0.5887260103469929,-1.02974996700722,-0.409014967488886
10X_P7_4_ACACCCTTCGAGCCCA,-0.496353368178595,-0.38795494365445693,-0.600850188165021,1.24364948067402,-0.20896962491639606,-0.538624475084503,-0.387736628220341,-0.5887260103469929,1.05573106141946,3.5529359134832297
10X_P7_4_ACACCGGTCTAACTGG,-0.496353368178595,1.75700378362174,2.45801575121378,1.41844994168894,1.7941101070972698,-0.538624475084503,0.366713677393168,-0.5887260103469929,0.222049435676908,-0.409014967488886
10X_P7_4_ACACTGACATGCCACG,-0.496353368178595,-0.38795494365445693,-0.600850188165021,-0.619974123807505,0.100300250521163,-0.538624475084503,0.5377352445820279,-0.5887260103469929,-1.02974996700722,-0.409014967488886
10X_P7_4_ACACTGATCAACACGT,-0.496353368178595,-0.38795494365445693,-0.600850188165021,0.540714894117132,0.649692951879174,0.7933051332462969,0.7823755601478181,-0.5887260103469929,0.0392540411672396,-0.409014967488886
10X_P7_4_ACATCAGAGAGCCCAA,-0.496353368178595,-0.38795494365445693,0.902154467807299,0.494043477690554,0.0458863572491169,-0.538624475084503,1.07634224265097,0.951614702635567,0.668438043252361,-0.409014967488886
10X_P7_4_ACATCAGCAGATCCAT,-0.496353368178595,-0.38795494365445693,-0.600850188165021,0.33030828447745003,0.31448383719691697,1.92318011369384,0.520555817375569,-0.5887260103469929,-1.02974996700722,-0.409014967488886
10X_P7_4_ACATCAGTCTCTTGAT,1.20892646241437,-0.38795494365445693,0.897864043436316,1.00881485600916,1.3113644385593402,1.57224041080466,0.349446456168307,-0.5887260103469929,-1.02974996700722,-0.409014967488886
10X_P7_4_ACATGGTAGCTAAGAT,-0.496353368178595,-0.38795494365445693,1.59450252084176,0.42912399130428097,1.63378528566667,-0.538624475084503,0.150679577482638,-0.5887260103469929,1.28733909677401,-0.409014967488886
10X_P7_4_ACATGGTTCCACGTGG,-0.496353368178595,-0.38795494365445693,1.2447087137795,1.3858517644831,-0.269439525060744,-0.538624475084503,-1.60918603549712,-0.5887260103469929,-1.02974996700722,-0.409014967488886
10X_P7_4_ACCCACTAGATATACG,-0.496353368178595,-0.38795494365445693,-0.600850188165021,0.7235125984831979,-1.59692570219437,-0.538624475084503,-3.90360447007704,-0.5887260103469929,-1.02974996700722,-0.409014967488886
10X_P7_4_ACCGTAAAGGATGGTC,-0.496353368178595,-0.38795494365445693,2.1659096558581297,0.20410009885241695,0.393168162877803,-0.538624475084503,-3.90360447007704,-0.5887260103469929,-1.02974996700722,-0.409014967488886
10X_P7_4_ACCGTAACAACTTGAC,-0.496353368178595,-0.38795494365445693,-0.600850188165021,0.0351826360776366,-0.671782014801473,-0.538624475084503,0.5599488690799991,0.7294201268337521,-0.0734215125946316,2.4252938703895297
10X_P7_4_ACGATGTCATACGCTA,-0.496353368178595,1.4141978796971002,-0.600850188165021,-0.191277651340594,-0.0346953339608205,1.95554590336151,0.7492157255259492,0.860926459916385,0.0219876721042396,2.65891758414239
10X_P7_4_ACGATGTTCTACGAGT,-0.496353368178595,-0.38795494365445693,-0.600850188165021,0.239427055296196,0.0497888399538806,-0.538624475084503,1.6882806174897,-0.5887260103469929,-1.02974996700722,-0.409014967488886
10X_P7_4_ACGCCGAAGCCCAACC,-0.496353368178595,1.2367688927175502,-0.600850188165021,1.07340522158992,-0.16393150343677898,1.77126715981675,1.02596208193959,-0.5887260103469929,0.824164384557239,-0.409014967488886
10X_P7_4_ACGGAGAGTCACACGC,-0.496353368178595,-0.38795494365445693,-0.600850188165021,-2.00644525021386,-0.459633295099062,-0.538624475084503,0.655660075736165,1.0316899463162,-1.02974996700722,-0.409014967488886
10X_P7_4_ACGGCCACAACTGCTA,-0.496353368178595,-0.38795494365445693,-0.600850188165021,0.693322524006588,0.246431504061267,-0.538624475084503,1.02026690538376,1.1826092238229,0.875743170990168,-0.409014967488886
10X_P7_4_ACGGGCTAGTAGATGT,-0.496353368178595,-0.38795494365445693,-0.600850188165021,0.545477042848467,1.52696823443948,-0.538624475084503,-1.10420108617704,-0.5887260103469929,-1.02974996700722,4.25186224004371
10X_P7_4_ACGGGCTGTTTGTTTC,2.00835111421293,-0.38795494365445693,1.6004520182948705,1.46204026551762,1.07548871769192,-0.538624475084503,-0.751487247497282,-0.5887260103469929,0.6069898741235289,-0.409014967488886
10X_P7_4_ACGGGTCGTTGTACAC,-0.496353368178595,-0.38795494365445693,-0.600850188165021,0.47206220069828,-0.169053918520515,-0.538624475084503,-0.6146755404408449,2.35317721022772,-1.02974996700722,-0.409014967488886
10X_P7_4_ACGTCAATCGCGCCAA,-0.496353368178595,1.36686756059196,-0.600850188165021,-0.0362530011509885,-0.606205298813931,-0.538624475084503,0.8329225774376079,1.58845084975284,-1.02974996700722,-0.409014967488886
10X_P7_4_ACTGAGTCACTGCCAG,-0.496353368178595,-0.38795494365445693,1.3260687050487,0.226739115635987,0.4182332461452311,-0.538624475084503,-0.151037157732235,2.28247553353921,0.402976949767413,-0.409014967488886
10X_P7_4_ACTGAGTTCGACCAGC,-0.496353368178595,-0.38795494365445693,-0.600850188165021,0.5588382357791629,1.027593062343,-0.538624475084503,-0.19967461742291,1.02500228044426,0.73502105563268,-0.409014967488886
10X_P7_4_ACTGATGAGCTCTCGG,1.8871149854448697,-0.38795494365445693,-0.600850188165021,0.35433532936078205,-0.0901983822298675,-0.538624475084503,-0.202904231231879,-0.5887260103469929,0.5277661559028151,-0.409014967488886
10X_P7_4_ACTGATGTCGGTTAAC,-0.496353368178595,1.1283758307917802,1.27939828661645,-0.901632932026236,-0.244487772839124,-0.538624475084503,0.729640530696951,-0.5887260103469929,1.01196223816909,1.27215875333831
10X_P7_4_ACTGCTCAGACCCACC,-0.496353368178595,-0.38795494365445693,-0.600850188165021,0.84567146415728,1.21600889877107,-0.538624475084503,0.635745212437158,1.83307721121606,0.134817525901692,-0.409014967488886
