Unnamed: 0,Ptprm,2610305D13Rik,Tspan12,Spnb2,Atox1,Tmem100,Rps2,Emilin1,Lmna,Dbn1
10X_P7_4_AAACCTGCACGACGAA,-0.496353368178595,-0.38795494365445693,1.32238780718787,1.065512049822,-0.213565977679924,-0.538624475084503,-0.6832845747222529,-0.5887260103469929,0.400240082397601,-0.409014967488886
10X_P7_4_AAACCTGGTTCCACGG,-0.496353368178595,-0.38795494365445693,-0.600850188165021,0.292962283541853,-1.59692570219437,-0.538624475084503,0.334299776568072,-0.5887260103469929,-1.02974996700722,-0.409014967488886
10X_P7_4_AAACCTGTCTCGATGA,1.9538974268592,4.27097679131364,-0.600850188165021,0.14225297225706196,-1.59692570219437,-0.538624475084503,-0.13853990151647594,-0.5887260103469929,-1.02974996700722,-0.409014967488886
10X_P7_4_AAAGCAAAGTGAATTG,-0.496353368178595,-0.38795494365445693,-0.600850188165021,-2.00644525021386,-1.59692570219437,-0.538624475084503,0.6830544440018579,3.82471343705312,-1.02974996700722,-0.409014967488886
10X_P7_4_AAATGCCAGTCCATAC,-0.496353368178595,-0.38795494365445693,-0.600850188165021,-0.210442914451486,0.419706916889829,0.427509311904719,0.5383206770007161,1.13489976857093,-0.25433294476790497,1.06410519639941
10X_P7_4_AACGTTGTCCTCATTA,-0.496353368178595,-0.38795494365445693,2.27565733432938,0.4759602032945179,0.472108220542497,-0.538624475084503,-1.46317554055565,1.4508377388523896,1.10902700398869,2.4021326034425803
10X_P7_4_AACTCTTGTCTTGCGG,3.71986490151483,-0.38795494365445693,-0.600850188165021,0.7998635707117,-1.59692570219437,-0.538624475084503,0.14833406784604,-0.5887260103469929,0.989488461087217,-0.409014967488886
10X_P7_4_AAGACCTAGTCCCACG,0.7211501938413409,-0.38795494365445693,0.4691735596618161,-0.0518902398022146,-1.59692570219437,3.5114669678309705,0.34834357308375297,-0.5887260103469929,1.09007544339001,-0.409014967488886
10X_P7_4_AAGACCTCAGGGTTAG,-0.496353368178595,-0.38795494365445693,-0.600850188165021,0.473803807825167,-0.315990883775384,-0.538624475084503,0.607610851893167,2.10293084643196,-1.02974996700722,-0.409014967488886
10X_P7_4_AAGACCTTCTCAAACG,1.5145373840670402,2.93732994562496,2.00917485045072,0.835922607274165,0.28043088452009,-0.538624475084503,0.590741143872586,1.22248112869778,0.284299268541408,-0.409014967488886
10X_P7_4_AAGGCAGGTCACCTAA,-0.496353368178595,-0.38795494365445693,-0.600850188165021,0.00735473142655575,-0.409782332754507,-0.538624475084503,0.442303510071973,-0.5887260103469929,-1.02974996700722,-0.409014967488886
10X_P7_4_AAGGTTCCAGCTATTG,2.6117079282640003,3.09218682842883,-0.600850188165021,-2.00644525021386,1.8517498767095104,-0.538624475084503,0.164114071800779,-0.5887260103469929,-1.02974996700722,-0.409014967488886
10X_P7_4_AATCCAGCATGATCCA,-0.496353368178595,-0.38795494365445693,-0.600850188165021,1.8778519599736,0.797659185691856,-0.538624475084503,-1.07918763941327,-0.5887260103469929,-1.02974996700722,-0.409014967488886
10X_P7_4_ACACCAAAGAAGCCCA,-0.496353368178595,-0.38795494365445693,0.514503283976114,0.6776512484252579,-0.31643692350241104,-0.538624475084503,0.216271007772294,1.7228036544462202,0.293901560108576,-0.409014967488886
10X_P7_4_ACACCAACATCTCGCT,-0.496353368178595,-0.38795494365445693,1.8468022523994496,-0.005717466583520871,-1.59692570219437,0.975572705388964,1.05188404311104,-0.5887260103469929,0.18554162570777905,-0.409014967488886
10X_P7_4_ACACCCTCAGTCGATT,-0.496353368178595,-0.38795494365445693,-0.600850188165021,0.768230626925301,-1.59692570219437,-0.538624475084503,0.8639722466680891,-0.5887260103469929,-1.02974996700722,-0.409014967488886
10X_P7_4_ACACCCTTCGAGCCCA,-0.496353368178595,-0.38795494365445693,-0.600850188165021,1.24364948067402,-0.20896962491639606,-0.538624475084503,-0.387736628220341,-0.5887260103469929,1.05573106141946,3.5529359134832297
10X_P7_4_ACACCGGTCTAACTGG,-0.496353368178595,1.75700378362174,2.45801575121378,1.41844994168894,1.7941101070972698,-0.538624475084503,0.366713677393168,-0.5887260103469929,0.222049435676908,-0.409014967488886
10X_P7_4_ACACTGACATGCCACG,-0.496353368178595,-0.38795494365445693,-0.600850188165021,-0.619974123807505,0.100300250521163,-0.538624475084503,0.5377352445820279,-0.5887260103469929,-1.02974996700722,-0.409014967488886
10X_P7_4_ACACTGATCAACACGT,-0.496353368178595,-0.38795494365445693,-0.600850188165021,0.540714894117132,0.649692951879174,0.7933051332462969,0.7823755601478181,-0.5887260103469929,0.0392540411672396,-0.409014967488886
10X_P7_4_ACATCAGAGAGCCCAA,-0.496353368178595,-0.38795494365445693,0.902154467807299,0.494043477690554,0.0458863572491169,-0.538624475084503,1.07634224265097,0.951614702635567,0.668438043252361,-0.409014967488886
10X_P7_4_ACATCAGCAGATCCAT,-0.496353368178595,-0.38795494365445693,-0.600850188165021,0.33030828447745003,0.31448383719691697,1.92318011369384,0.520555817375569,-0.5887260103469929,-1.02974996700722,-0.409014967488886
10X_P7_4_ACATCAGTCTCTTGAT,1.20892646241437,-0.38795494365445693,0.897864043436316,1.00881485600916,1.3113644385593402,1.57224041080466,0.349446456168307,-0.5887260103469929,-1.02974996700722,-0.409014967488886
10X_P7_4_ACATGGTAGCTAAGAT,-0.496353368178595,-0.38795494365445693,1.59450252084176,0.42912399130428097,1.63378528566667,-0.538624475084503,0.150679577482638,-0.5887260103469929,1.28733909677401,-0.409014967488886
10X_P7_4_ACATGGTTCCACGTGG,-0.496353368178595,-0.38795494365445693,1.2447087137795,1.3858517644831,-0.269439525060744,-0.538624475084503,-1.60918603549712,-0.5887260103469929,-1.02974996700722,-0.409014967488886
10X_P7_4_ACCCACTAGATATACG,-0.496353368178595,-0.38795494365445693,-0.600850188165021,0.7235125984831979,-1.59692570219437,-0.538624475084503,-3.90360447007704,-0.5887260103469929,-1.02974996700722,-0.409014967488886
10X_P7_4_ACCGTAAAGGATGGTC,-0.496353368178595,-0.38795494365445693,2.1659096558581297,0.20410009885241695,0.393168162877803,-0.538624475084503,-3.90360447007704,-0.5887260103469929,-1.02974996700722,-0.409014967488886
10X_P7_4_ACCGTAACAACTTGAC,-0.496353368178595,-0.38795494365445693,-0.600850188165021,0.0351826360776366,-0.671782014801473,-0.538624475084503,0.5599488690799991,0.7294201268337521,-0.0734215125946316,2.4252938703895297
10X_P7_4_ACGATACAGCCGTCGT,2.8313287815216,-0.38795494365445693,-0.600850188165021,0.674790832877537,-0.136102640299716,-0.538624475084503,0.354470003782739,1.4926569168471298,-1.02974996700722,-0.409014967488886
10X_P7_4_ACGATGTCAAACAACA,1.39019068806754,-0.38795494365445693,1.64453867995552,0.6325200221814841,-0.404332787947625,1.7557505087092302,0.249501324488502,-0.5887260103469929,0.203042899621978,-0.409014967488886
10X_P7_4_ACGATGTCATACGCTA,-0.496353368178595,1.4141978796971002,-0.600850188165021,-0.191277651340594,-0.0346953339608205,1.95554590336151,0.7492157255259492,0.860926459916385,0.0219876721042396,2.65891758414239
10X_P7_4_ACGATGTTCTACGAGT,-0.496353368178595,-0.38795494365445693,-0.600850188165021,0.239427055296196,0.0497888399538806,-0.538624475084503,1.6882806174897,-0.5887260103469929,-1.02974996700722,-0.409014967488886
10X_P7_4_ACGCCGAAGCCCAACC,-0.496353368178595,1.2367688927175502,-0.600850188165021,1.07340522158992,-0.16393150343677898,1.77126715981675,1.02596208193959,-0.5887260103469929,0.824164384557239,-0.409014967488886
10X_P7_4_ACGGAGAGTCACACGC,-0.496353368178595,-0.38795494365445693,-0.600850188165021,-2.00644525021386,-0.459633295099062,-0.538624475084503,0.655660075736165,1.0316899463162,-1.02974996700722,-0.409014967488886
10X_P7_4_ACGGCCACAACTGCTA,-0.496353368178595,-0.38795494365445693,-0.600850188165021,0.693322524006588,0.246431504061267,-0.538624475084503,1.02026690538376,1.1826092238229,0.875743170990168,-0.409014967488886
10X_P7_4_ACGGGCTAGTAGATGT,-0.496353368178595,-0.38795494365445693,-0.600850188165021,0.545477042848467,1.52696823443948,-0.538624475084503,-1.10420108617704,-0.5887260103469929,-1.02974996700722,4.25186224004371
10X_P7_4_ACGGGCTGTTTGTTTC,2.00835111421293,-0.38795494365445693,1.6004520182948705,1.46204026551762,1.07548871769192,-0.538624475084503,-0.751487247497282,-0.5887260103469929,0.6069898741235289,-0.409014967488886
10X_P7_4_ACGGGTCGTTGTACAC,-0.496353368178595,-0.38795494365445693,-0.600850188165021,0.47206220069828,-0.169053918520515,-0.538624475084503,-0.6146755404408449,2.35317721022772,-1.02974996700722,-0.409014967488886
10X_P7_4_ACGTCAATCGCGCCAA,-0.496353368178595,1.36686756059196,-0.600850188165021,-0.0362530011509885,-0.606205298813931,-0.538624475084503,0.8329225774376079,1.58845084975284,-1.02974996700722,-0.409014967488886
10X_P7_4_ACTGAGTCACTGCCAG,-0.496353368178595,-0.38795494365445693,1.3260687050487,0.226739115635987,0.4182332461452311,-0.538624475084503,-0.151037157732235,2.28247553353921,0.402976949767413,-0.409014967488886
10X_P7_4_ACTGAGTTCGACCAGC,-0.496353368178595,-0.38795494365445693,-0.600850188165021,0.5588382357791629,1.027593062343,-0.538624475084503,-0.19967461742291,1.02500228044426,0.73502105563268,-0.409014967488886
10X_P7_4_ACTGATGAGCTCTCGG,1.8871149854448697,-0.38795494365445693,-0.600850188165021,0.35433532936078205,-0.0901983822298675,-0.538624475084503,-0.202904231231879,-0.5887260103469929,0.5277661559028151,-0.409014967488886
10X_P7_4_ACTGATGTCGGTTAAC,-0.496353368178595,1.1283758307917802,1.27939828661645,-0.901632932026236,-0.244487772839124,-0.538624475084503,0.729640530696951,-0.5887260103469929,1.01196223816909,1.27215875333831
10X_P7_4_ACTGCTCAGACCCACC,-0.496353368178595,-0.38795494365445693,-0.600850188165021,0.84567146415728,1.21600889877107,-0.538624475084503,0.635745212437158,1.83307721121606,0.134817525901692,-0.409014967488886
10X_P7_4_ACTGCTCAGCCTTGAT,0.730188308767172,-0.38795494365445693,-0.600850188165021,-0.0433623057833735,-0.8215582210529699,-0.538624475084503,0.7045407363396999,0.5160187596706071,0.256308925122078,1.11366387888368
10X_P7_4_ACTGCTCAGCTAGTTC,-0.496353368178595,-0.38795494365445693,0.9728130956054772,0.666180207070683,0.497392988155808,-0.538624475084503,0.817361657814481,-0.5887260103469929,0.140319905958562,1.8138579816326
10X_P7_4_ACTGCTCGTGCGGTAA,-0.496353368178595,3.64328337038591,1.63590427511226,1.10310721912225,-1.59692570219437,-0.538624475084503,-1.21915682480941,-0.5887260103469929,-1.02974996700722,-0.409014967488886
10X_P7_4_ACTTACTAGAAACCGC,-0.496353368178595,-0.38795494365445693,3.25746265095779,-0.329495503886226,0.455884902123127,-0.538624475084503,-3.90360447007704,-0.5887260103469929,-1.02974996700722,-0.409014967488886
10X_P7_4_ACTTGTTCATCCAACA,2.10197494726276,-0.38795494365445693,-0.600850188165021,0.235324594929546,-1.59692570219437,-0.538624475084503,-0.29360881391453103,-0.5887260103469929,-1.02974996700722,-0.409014967488886
10X_P7_4_ACTTGTTCATGACATC,-0.496353368178595,1.38622695194397,-0.600850188165021,0.762230054388402,-0.0548658478437645,0.7514532685320909,0.91916074647273,-0.5887260103469929,1.48073915568409,1.5580413167421898
10X_P7_4_AGAATAGAGCACGCCT,-0.496353368178595,-0.38795494365445693,-0.600850188165021,-0.56960011995664,-0.4226201053041379,1.72674279980203,0.974682942761016,-0.5887260103469929,0.7884292233149051,-0.409014967488886
10X_P7_4_AGAATAGTCTCTGCTG,1.49984570899029,-0.38795494365445693,1.15354337961803,0.592439514535911,-0.33501354754553697,-0.538624475084503,0.184473966698807,-0.5887260103469929,0.8992437925001441,-0.409014967488886
10X_P7_4_AGAGCGAAGCACGCCT,1.56983544424164,-0.38795494365445693,2.63114782634388,0.140151487385266,0.322669068454978,-0.538624475084503,-0.518630287194213,-0.5887260103469929,-1.02974996700722,-0.409014967488886
10X_P7_4_AGAGCGAAGTGTGGCA,-0.496353368178595,-0.38795494365445693,1.06795901971038,0.0223346116943575,-0.0655982381862623,0.41868921069239,-0.25638316159164204,1.12153799640536,0.211063997454362,3.1080722842946
10X_P7_4_AGAGCGATCAATCACG,-0.496353368178595,-0.38795494365445693,-0.600850188165021,-1.13064878750063,-0.524833786608589,-0.538624475084503,0.620796845785026,-0.5887260103469929,0.656730516166947,-0.409014967488886
10X_P7_4_AGAGCTTAGTACGTTC,1.9639927245826296,-0.38795494365445693,2.4771976598864303,0.404694765659466,0.6170735186048341,1.46456165075223,-0.128866626922384,-0.5887260103469929,-1.02974996700722,-0.409014967488886
10X_P7_4_AGAGTGGAGTCCGTAT,-0.496353368178595,3.2387776150236,2.24578193560585,1.85548812790845,1.17250948000822,-0.538624475084503,-1.48852182828678,-0.5887260103469929,-1.02974996700722,-0.409014967488886
10X_P7_4_AGAGTGGCATGCCACG,-0.496353368178595,-0.38795494365445693,-0.600850188165021,0.41662811853965104,1.12501386370831,-0.538624475084503,0.21893571972640696,-0.5887260103469929,-1.02974996700722,-0.409014967488886
10X_P7_4_AGATCTGAGCGATCCC,-0.496353368178595,-0.38795494365445693,0.8643205691967542,-0.14758828211686098,0.0115713816519939,-0.538624475084503,1.02327876113824,-0.5887260103469929,0.6329663775822629,2.74977688746404
10X_P7_4_AGCATACGTTACGTCA,-0.496353368178595,-0.38795494365445693,-0.600850188165021,1.08936484795215,2.05681494901612,-0.538624475084503,-0.223631951766452,-0.5887260103469929,0.513807885448658,-0.409014967488886
10X_P7_4_AGCGGTCAGTATCTCG,2.00891712651237,-0.38795494365445693,-0.600850188165021,0.881075514526478,1.5214407556816398,-0.538624475084503,0.265593366761764,-0.5887260103469929,0.0394481878196366,-0.409014967488886
10X_P7_4_AGCGTCGGTGCAGGTA,-0.496353368178595,-0.38795494365445693,-0.600850188165021,0.146044135013917,0.5488677911782279,1.94206456944152,0.7699826272850859,1.77274394768593,1.69400315376914,2.84581859138259
10X_P7_4_AGCTCTCTCCCAAGTA,-0.496353368178595,-0.38795494365445693,-0.600850188165021,-0.5232078370479369,0.615922762356558,-0.538624475084503,0.7125742604514371,1.15029994889495,-1.02974996700722,-0.409014967488886
10X_P7_4_AGGCCACGTATCGCAT,-0.496353368178595,-0.38795494365445693,2.48721363111324,0.7829243633733509,-0.0353888847462264,-0.538624475084503,-0.41300092879579,-0.5887260103469929,0.5844231733260989,-0.409014967488886
10X_P7_4_AGGCCACTCGCTTAGA,-0.496353368178595,-0.38795494365445693,-0.600850188165021,0.0929140026537655,0.12668907803727,2.7712797376438303,1.43179571979959,-0.5887260103469929,0.3869056472910379,1.29887738793262
10X_P7_4_AGGTCATGTATTCGTG,2.34439003237005,2.79286706372833,-0.600850188165021,1.29754534988619,1.32999050404416,-0.538624475084503,-0.45130197010593,-0.5887260103469929,-1.02974996700722,-0.409014967488886
10X_P7_4_AGGTCATGTCAGTGGA,-0.496353368178595,-0.38795494365445693,-0.600850188165021,-0.209660483950026,-1.59692570219437,-0.538624475084503,1.75165705604505,1.13592975302029,-1.02974996700722,1.96809232410034
10X_P7_4_AGGTCATGTTACGACT,-0.496353368178595,-0.38795494365445693,-0.600850188165021,-0.573436870843541,1.6005665190803102,-0.538624475084503,-0.50929079368261,-0.5887260103469929,-1.02974996700722,-0.409014967488886
10X_P7_4_AGGTCCGCACCACGTG,1.54739348354006,2.50863314898742,1.19533155134228,0.32198356340855105,1.25338234697041,-0.538624475084503,0.4445718425646599,0.5664921158660191,0.305769620596798,-0.409014967488886
10X_P7_4_AGTCTTTCATCATCCC,-0.496353368178595,-0.38795494365445693,-0.600850188165021,0.00554152332373404,0.32173468932818394,-0.538624475084503,0.361852824179152,2.1449842425697403,1.96770782907308,2.36862378200007
10X_P7_4_AGTCTTTGTATTACCG,-0.496353368178595,0.737207154248414,-0.600850188165021,-0.053184606005915,0.384576700807544,-0.538624475084503,0.6602703829901321,-0.5887260103469929,0.6274296392079189,1.65229388285516
10X_P7_4_AGTGGGACAGCCTTGG,-0.496353368178595,-0.38795494365445693,-0.600850188165021,-1.00338113409731,0.625618536171177,1.04283240945575,0.725654697414728,-0.5887260103469929,0.856414113009862,1.09021876046984
10X_P7_4_AGTGTCAAGCCACCTG,-0.496353368178595,-0.38795494365445693,1.46387308569726,0.7011485505128361,1.71753096443382,-0.538624475084503,0.21258223244104896,-0.5887260103469929,1.17426766558558,-0.409014967488886
10X_P7_4_AGTGTCACACATGGGA,-0.496353368178595,-0.38795494365445693,1.44738487606798,0.520940549278463,0.9397924132051908,-0.538624475084503,0.678485137112559,-0.5887260103469929,-1.02974996700722,-0.409014967488886
10X_P7_4_AGTTGGTCAGTTAACC,-0.496353368178595,-0.38795494365445693,-0.600850188165021,-0.817621389209468,-1.59692570219437,-0.538624475084503,0.16536618737107,1.48475813568092,1.8893400580658304,-0.409014967488886
10X_P7_4_AGTTGGTGTATCAGTC,-0.496353368178595,-0.38795494365445693,-0.600850188165021,-0.380895718276009,0.392964170363211,-0.538624475084503,-1.55652607847314,-0.5887260103469929,2.4085920898340403,2.27118663942371
10X_P7_4_AGTTGGTGTGACTACT,1.05741053776408,1.35181726714959,0.764701691713278,0.735609606733545,0.9942152079520352,-0.538624475084503,0.0555598475193054,-0.5887260103469929,-1.02974996700722,-0.409014967488886
10X_P7_4_ATAAGAGAGTACGCGA,2.3313348833655696,-0.38795494365445693,-0.600850188165021,1.40163549858352,0.19061854376432105,-0.538624475084503,-1.79519307928329,1.9581697583418,-1.02974996700722,-0.409014967488886
10X_P7_4_ATAAGAGGTGTGCCTG,-0.496353368178595,2.60594430698906,-0.600850188165021,0.541856611507052,1.20466345581592,-0.538624475084503,-1.10906020723249,-0.5887260103469929,1.41937151385182,-0.409014967488886
10X_P7_4_ATAGACCTCTCACATT,-0.496353368178595,-0.38795494365445693,2.49843982567166,0.790302821111266,0.632352728291703,-0.538624475084503,-1.2741668789718,-0.5887260103469929,1.27467303769375,-0.409014967488886
10X_P7_4_ATCACGATCAACACCA,1.4276456597213398,3.52157724086435,1.91616798059064,0.5385678684434451,0.610279467275796,-0.538624475084503,-0.430952205745208,-0.5887260103469929,-1.02974996700722,-0.409014967488886
10X_P7_4_ATCCACCGTCGACTAT,-0.496353368178595,-0.38795494365445693,0.401229987667691,0.545142201878097,0.843479193694187,2.60450097624543,0.965662405715444,0.43824678469688105,1.18735891597489,1.88747171749229
10X_P7_4_ATCCGAACAAGCCCAC,-0.496353368178595,-0.38795494365445693,0.965021227537305,-0.447391059490184,0.102471299502156,2.52628068738581,0.635219660819199,0.3939924466105511,2.46660238671076,3.33890904284348
10X_P7_4_ATCCGAATCAAACCGT,-0.496353368178595,-0.38795494365445693,1.14221527516877,-0.163054754791205,-0.343161703669769,2.36771276003546,0.312594399291705,2.0559807048688103,-1.02974996700722,-0.409014967488886
10X_P7_4_ATCGAGTGTCGAACAG,-0.496353368178595,-0.38795494365445693,-0.600850188165021,-2.00644525021386,1.88187577418124,-0.538624475084503,-0.476749273321442,-0.5887260103469929,-1.02974996700722,-0.409014967488886
10X_P7_4_ATCTACTAGGAATCGC,-0.496353368178595,-0.38795494365445693,0.649181158986271,0.356781610964758,-0.697794640823915,3.33717135356787,1.17791255021805,-0.5887260103469929,1.08185413132257,1.35671274300254
10X_P7_4_ATCTACTAGTGGACGT,-0.496353368178595,-0.38795494365445693,-0.600850188165021,-0.0954617322792209,0.33624654458986697,-0.538624475084503,0.882033134563735,-0.5887260103469929,0.332096313828837,-0.409014967488886
10X_P7_4_ATCTACTGTTGAGTTC,2.14333741043106,-0.38795494365445693,1.71908702445858,-0.0911173747639998,1.17879257175602,-0.538624475084503,0.0406731043431414,-0.5887260103469929,1.83953228934398,-0.409014967488886
10X_P7_4_ATCTGCCAGGTGGGTT,-0.496353368178595,-0.38795494365445693,-0.600850188165021,-0.0177365303054913,0.276011207644979,2.39093619430894,1.10345777338757,-0.5887260103469929,0.280530790491241,1.14764336542296
10X_P7_4_ATGAGGGTCTACTTAC,-0.496353368178595,-0.38795494365445693,-0.600850188165021,0.719501028694301,-1.59692570219437,-0.538624475084503,-0.41217645688082,-0.5887260103469929,-1.02974996700722,-0.409014967488886
10X_P7_4_ATGCGATAGATGCCAG,-0.496353368178595,-0.38795494365445693,-0.600850188165021,-0.126454313101599,-1.59692570219437,0.8416569464503569,0.229266297847554,-0.5887260103469929,1.3491844970291298,-0.409014967488886
10X_P7_4_ATGCGATGTCGCATAT,-0.496353368178595,-0.38795494365445693,-0.600850188165021,-2.00644525021386,-0.368022817844683,-0.538624475084503,-0.4095618852388661,-0.5887260103469929,0.857699715353717,-0.409014967488886
10X_P7_4_ATGTGTGTCGGCCGAT,-0.496353368178595,-0.38795494365445693,1.02594632752143,-1.05055838003625,-0.426792424243957,-0.538624475084503,0.165209605465371,-0.5887260103469929,1.1883739881899298,-0.409014967488886
10X_P7_4_ATTATCCGTCTTCGTC,-0.496353368178595,2.5195950778757004,1.68129363105701,0.866892460469332,1.14604869578521,-0.538624475084503,0.245114913752218,-0.5887260103469929,-1.02974996700722,-0.409014967488886
10X_P7_4_ATTCTACCAAACAACA,-0.496353368178595,-0.38795494365445693,-0.600850188165021,0.0379424021426146,0.007012949773197921,2.6846100874333,0.661499589599407,-0.5887260103469929,1.55721156989873,-0.409014967488886
10X_P7_4_ATTCTACCATATACCG,-0.496353368178595,-0.38795494365445693,-0.600850188165021,-0.383279703830057,0.0112006759893892,-0.538624475084503,0.958457632253936,0.912423346392603,0.632583176163725,1.66003159673857
10X_P7_4_ATTGGACCATGCAATC,1.7193633188584798,1.19308273288591,0.640110529537403,1.13146508865141,-0.704319024954157,-0.538624475084503,0.0779400471200027,0.6830613451303039,0.418146103697746,-0.409014967488886
10X_P7_4_ATTTCTGTCCCGGATG,1.06909050968362,-0.38795494365445693,-0.600850188165021,-0.759336524935449,-0.0702979534531004,1.9049881721947897,0.458609914728046,-0.5887260103469929,0.548337388840549,1.53439088883704
10X_P7_4_ATTTCTGTCTAGAGTC,-0.496353368178595,-0.38795494365445693,-0.600850188165021,0.565812692485551,-1.59692570219437,-0.538624475084503,0.107573106183113,-0.5887260103469929,2.2251769315651,-0.409014967488886
10X_P7_4_CAACCAACAGCTATTG,-0.496353368178595,-0.38795494365445693,2.43686723607462,0.378902554947485,1.32305879951412,-0.538624475084503,0.46447537462401,-0.5887260103469929,1.22889181318976,-0.409014967488886
10X_P7_4_CAACCTCCATTAGGCT,-0.496353368178595,-0.38795494365445693,1.74330773274387,0.913059996093314,0.767602366600058,-0.538624475084503,0.61529950249562,-0.5887260103469929,-1.02974996700722,-0.409014967488886
10X_P7_4_CAAGAAAAGAGAGCTC,-0.496353368178595,-0.38795494365445693,-0.600850188165021,0.31382731920112106,0.933251051842917,-0.538624475084503,-0.262509483279544,-0.5887260103469929,1.15352160901582,-0.409014967488886
10X_P7_4_CAAGAAAGTATGGTTC,-0.496353368178595,-0.38795494365445693,-0.600850188165021,-0.25945187209522,0.0539750620558999,1.14314361004422,1.00233163029819,0.5811440152951529,0.9540674743159548,-0.409014967488886
10X_P7_4_CAAGATCTCACGCGGT,-0.496353368178595,-0.38795494365445693,-0.600850188165021,-0.6860605690240429,-1.59692570219437,0.826699991957268,0.758940995245241,-0.5887260103469929,0.0660566871863383,4.07734058273861
10X_P7_4_CACAAACAGATGCCAG,-0.496353368178595,1.43386289478133,-0.600850188165021,0.5333462256525491,-0.0205577594616349,-0.538624475084503,-0.390993815192372,1.65728543933851,0.98814560297798,1.6108558454813102
10X_P7_4_CACAAACTCGCGATCG,-0.496353368178595,1.16494367309432,-0.600850188165021,0.585572233779853,-0.21716634796023104,0.590549454900207,0.592520094367857,0.660426273892614,1.47086425845074,3.53378814258429
10X_P7_4_CACAGGCGTACTCTCC,-0.496353368178595,-0.38795494365445693,-0.600850188165021,0.453585292944761,0.3545198702993371,1.17777148509112,1.29390212005821,-0.5887260103469929,0.9874749826352672,1.2429421169306598
10X_P7_4_CACAGGCGTCGAATCT,-0.496353368178595,-0.38795494365445693,-0.600850188165021,0.888226447622573,0.0651480396689978,3.3419050576356204,-0.0375697700783271,-0.5887260103469929,0.42985434360516,2.36390912315322
10X_P7_4_CACATAGCACACATGT,-0.496353368178595,1.05519526475999,-0.600850188165021,0.757013087345025,0.5309771467207229,1.13223368228398,1.19463047182764,1.25966618902435,1.36149371720171,-0.409014967488886
10X_P7_4_CACATAGGTCTCTTTA,1.74636034019584,-0.38795494365445693,-0.600850188165021,-0.848280676956722,-1.59692570219437,-0.538624475084503,-0.630211927868781,1.43128381609691,1.52056358667836,-0.409014967488886
10X_P7_4_CACATAGTCCCAAGTA,1.06106025929007,1.35590391381695,1.05429924316397,1.11888235759729,0.872939531251087,-0.538624475084503,-0.421760206130163,0.814034769852913,-0.0120327268623774,-0.409014967488886
10X_P7_4_CACATTTTCTGTCAAG,-0.496353368178595,2.37547810736465,1.5681758339215002,0.409665966041307,-1.59692570219437,-0.538624475084503,-0.7849586695010079,-0.5887260103469929,-1.02974996700722,-0.409014967488886
10X_P7_4_CACTCCATCGTGTAGT,-0.496353368178595,1.38809426697148,2.062623869988,1.33520314796518,0.31887605933533403,-0.538624475084503,0.203638371589373,-0.5887260103469929,-1.02974996700722,-0.409014967488886
10X_P7_4_CAGAATCCAATAACGA,-0.496353368178595,2.4552129943335097,-0.600850188165021,-0.150723517825915,0.00824204530462141,-0.538624475084503,0.19029817287417494,3.70578444421813,0.0569316721167926,2.74323868441593
10X_P7_4_CAGAGAGCACCTTGTC,-0.496353368178595,-0.38795494365445693,1.93740876361757,0.676089850126597,0.92575923404034,-0.538624475084503,0.7272234379415491,-0.5887260103469929,-1.02974996700722,-0.409014967488886
10X_P7_4_CAGATCAAGAAGGCCT,1.19565334723925,-0.38795494365445693,-0.600850188165021,0.853192967842941,1.69636692922582,0.297681867937744,-0.159148569510483,-0.5887260103469929,-1.02974996700722,-0.409014967488886
10X_P7_4_CAGATCACAGCTGCAC,-0.496353368178595,-0.38795494365445693,0.905173375775262,0.238271119440302,0.431022010132327,-0.538624475084503,1.08054313176635,-0.5887260103469929,1.36647377846224,1.71831371555778
10X_P7_4_CAGATCAGTACGCACC,-0.496353368178595,-0.38795494365445693,-0.600850188165021,-0.298603172308678,0.493701244558765,-0.538624475084503,-0.581182418453234,-0.5887260103469929,1.88200037572273,-0.409014967488886
10X_P7_4_CAGCAGCAGACTAGAT,2.86882985851044,-0.38795494365445693,-0.600850188165021,0.6966995957141529,0.530400006422816,-0.538624475084503,-0.533744575308769,-0.5887260103469929,2.39080079646511,3.76866069552386
10X_P7_4_CAGCAGCGTTGTTTGG,1.05807682132768,1.35256331461795,0.7652872663744742,0.365738982294333,1.43721002169781,-0.538624475084503,-0.846560883987533,-0.5887260103469929,-0.0139823028746026,-0.409014967488886
10X_P7_4_CAGCCGACACAGTCGC,-0.496353368178595,-0.38795494365445693,-0.600850188165021,0.8662917276249079,-0.5735517117533039,1.96626002608656,1.24638519793409,-0.5887260103469929,-1.02974996700722,1.60070295991065
10X_P7_4_CAGCGACCAAACGCGA,3.2916029691872595,3.85347526738515,-0.600850188165021,1.4248305656393998,1.54976445700318,-0.538624475084503,-0.19207822956571,-0.5887260103469929,-1.02974996700722,-0.409014967488886
10X_P7_4_CAGCTAACAAGAGTCG,-0.496353368178595,-0.38795494365445693,0.945402643974124,0.9086020142701192,0.0848699038076927,-0.538624475084503,-0.722426755528072,-0.5887260103469929,0.119939342982353,-0.409014967488886
10X_P7_4_CAGGTGCTCTCCGGTT,2.28648884696779,-0.38795494365445693,-0.600850188165021,1.19872166960454,1.08825469212115,-0.538624475084503,-0.12500214339104598,-0.5887260103469929,-1.02974996700722,-0.409014967488886
10X_P7_4_CAGTCCTGTGAGCGAT,3.64890840718514,4.25355540145207,-0.600850188165021,1.2881156245904,1.4670116395833896,-0.538624475084503,-0.8127697077138031,-0.5887260103469929,-1.02974996700722,-0.409014967488886
10X_P7_4_CATATGGTCAGGTAAA,1.19829034745418,-0.38795494365445693,-0.600850188165021,1.23780655290855,2.1629020953514098,-0.538624475084503,-0.485522749064474,-0.5887260103469929,-1.02974996700722,-0.409014967488886
10X_P7_4_CATATGGTCGTTTATC,-0.496353368178595,-0.38795494365445693,-0.600850188165021,0.492527436072618,-0.0597888806311686,-0.538624475084503,0.0864207262105495,-0.5887260103469929,0.559200701757301,-0.409014967488886
10X_P7_4_CATCGAAAGGCTCTTA,-0.496353368178595,-0.38795494365445693,-0.600850188165021,-0.965000023303265,0.6872000814697571,-0.538624475084503,0.9033543428925048,1.22770806183856,0.288091461797408,-0.409014967488886
10X_P7_4_CATCGAAAGTACGCGA,-0.496353368178595,-0.38795494365445693,-0.600850188165021,-1.3017071511003502,-0.23571247382854305,-0.538624475084503,0.8544091507668841,-0.5887260103469929,-1.02974996700722,1.28515631814006
10X_P7_4_CATCGAATCAACGGGA,-0.496353368178595,-0.38795494365445693,-0.600850188165021,-0.159400268358077,-1.59692570219437,-0.538624475084503,0.566335598284042,-0.5887260103469929,0.26980792019872,-0.409014967488886
10X_P7_4_CATCGGGCAGCTGTAT,-0.496353368178595,4.50213890630954,2.2348869206959905,0.6154384519231479,0.442782599736074,-0.538624475084503,0.820167679094862,-0.5887260103469929,-1.02974996700722,-0.409014967488886
10X_P7_4_CATCGGGCATAAAGGT,-0.496353368178595,-0.38795494365445693,2.3995714608682204,0.35500177579972103,-1.59692570219437,-0.538624475084503,-3.90360447007704,-0.5887260103469929,-1.02974996700722,-0.409014967488886
10X_P7_4_CATCGGGGTCGCTTTC,-0.496353368178595,-0.38795494365445693,-0.600850188165021,-0.743325488565177,-0.0506983051517815,-0.538624475084503,0.401522809548271,-0.5887260103469929,0.00903173569252746,1.56443961016022
10X_P7_4_CATCGGGGTTGTACAC,2.63030071544233,-0.38795494365445693,3.140340495914089,0.19183524722931306,1.33761378251625,-0.538624475084503,0.482442606669302,-0.5887260103469929,-1.02974996700722,-0.409014967488886
10X_P7_4_CATGACATCCACGTGG,-0.496353368178595,-0.38795494365445693,-0.600850188165021,0.545588685842354,1.27975299174944,-0.538624475084503,0.846417606039356,-0.5887260103469929,1.62215021740771,-0.409014967488886
10X_P7_4_CATGCCTCATTGGCGC,1.80168377266327,2.18519091315228,-0.600850188165021,0.9336556792691392,-0.14420436140725,-0.538624475084503,-0.576703311173464,0.7397653094836579,-1.02974996700722,-0.409014967488886
10X_P7_4_CATGGCGCACCCATGG,2.35860919262873,2.8087884658052005,-0.600850188165021,1.61200833276483,0.20786020205506,-0.538624475084503,-0.955907069262564,1.98273569937803,-1.02974996700722,-0.409014967488886
10X_P7_4_CATTCGCCATTTCACT,-0.496353368178595,-0.38795494365445693,-0.600850188165021,-2.00644525021386,-0.201831860081238,-0.538624475084503,0.91113860180187,-0.5887260103469929,-1.02974996700722,-0.409014967488886
10X_P7_4_CCACCTAAGGCCCGTT,-0.496353368178595,-0.38795494365445693,1.30830013062103,1.22663257375652,0.12978808400382,-0.538624475084503,0.0334292799352178,-0.5887260103469929,0.389765436327538,-0.409014967488886
10X_P7_4_CCATGTCCACTTGGAT,-0.496353368178595,-0.38795494365445693,-0.600850188165021,0.653380799508282,0.379946527375173,-0.538624475084503,0.482910182109765,-0.5887260103469929,-1.02974996700722,-0.409014967488886
10X_P7_4_CCCAATCTCATCTGCC,1.55788048791109,-0.38795494365445693,-0.600850188165021,0.131857423758756,-1.59692570219437,-0.538624475084503,1.03378283899724,3.14078921838118,-1.02974996700722,-0.409014967488886
10X_P7_4_CCCATACGTAGCTAAA,-0.496353368178595,3.53596647024126,-0.600850188165021,-0.19673361527592895,1.35607751871454,-0.538624475084503,-3.90360447007704,-0.5887260103469929,-1.02974996700722,-0.409014967488886
10X_P7_4_CCCTCCTTCATTGCGA,-0.496353368178595,-0.38795494365445693,0.9641605631914828,-0.302479178607819,-1.59692570219437,2.14789259961391,0.805704076435111,1.01516108806679,-1.02974996700722,-0.409014967488886
10X_P7_4_CCGGGATGTTGGTTTG,-0.496353368178595,1.18338463966699,-0.600850188165021,0.434635137737401,-0.70979427889159,0.603958610187609,0.739840911425282,-0.5887260103469929,-0.112715095052581,2.32752445136239
10X_P7_4_CCGTACTCATCGGGTC,-0.496353368178595,1.82502143642519,1.1361209148206002,0.437347150176372,0.253936206555197,-0.538624475084503,0.304991525056594,-0.5887260103469929,-1.02974996700722,-0.409014967488886
10X_P7_4_CCGTGGAAGTAACCCT,-0.496353368178595,-0.38795494365445693,-0.600850188165021,0.6158424362042471,-1.59692570219437,-0.538624475084503,-0.117368096200593,-0.5887260103469929,-1.02974996700722,-0.409014967488886
10X_P7_4_CCGTTCAGTAGGCTGA,-0.496353368178595,1.43831317802282,0.8325925644155959,0.536654208300226,-1.59692570219437,-0.538624475084503,0.541031721512615,2.19762527562838,2.05282678371812,-0.409014967488886
10X_P7_4_CCTAAAGGTTCGTCTC,-0.496353368178595,2.45086270574068,-0.600850188165021,1.30853845569902,0.671893425196652,-0.538624475084503,-0.352072929071808,-0.5887260103469929,0.62698598443676,-0.409014967488886
10X_P7_4_CCTACACCAACTGCTA,1.02116166651317,-0.38795494365445693,0.7328437536502149,1.13433039589094,0.25719936655498105,-0.538624475084503,-0.232272469935195,0.778098150225691,-0.038105110595504,-0.409014967488886
10X_P7_4_CCTACCATCGCTTGTC,-0.496353368178595,-0.38795494365445693,-0.600850188165021,1.52886017180863,-1.59692570219437,-0.538624475084503,-3.90360447007704,-0.5887260103469929,-1.02974996700722,-0.409014967488886
10X_P7_4_CCTAGCTGTGCATCTA,1.03021642922233,1.32136762537481,1.4776001418836,1.14250180265,-0.631893204036849,-0.538624475084503,0.5691637342507321,-0.5887260103469929,1.4220554042382898,-0.409014967488886
10X_P7_4_CCTCAGTCAGCAGTTT,-0.496353368178595,2.36693062472236,-0.600850188165021,1.3482300555725402,-1.59692570219437,-0.538624475084503,0.114363922475755,3.17007559086648,1.25887879601691,-0.409014967488886
10X_P7_4_CCTCTGAAGAAGATTC,-0.496353368178595,-0.38795494365445693,-0.600850188165021,1.08739394523861,0.117564627567405,-0.538624475084503,-1.07650036633415,-0.5887260103469929,0.74253244653541,-0.409014967488886
10X_P7_4_CCTTACGTCGCCAGCA,-0.496353368178595,-0.38795494365445693,-0.600850188165021,-0.7922817128851171,-0.435944301002076,-0.538624475084503,1.7934682085880198,1.52895426838608,-1.02974996700722,1.87093855600058
10X_P7_4_CCTTCGAAGTCTTGCA,-0.496353368178595,-0.38795494365445693,-0.600850188165021,1.02158577909422,0.510598916887688,-0.538624475084503,0.11387264193852302,-0.5887260103469929,2.0767024822999,1.83303443085421
10X_P7_4_CCTTCGAGTCACACGC,-0.496353368178595,-0.38795494365445693,-0.600850188165021,-0.5678179969896379,0.43953899141212105,-0.538624475084503,1.41497241669505,-0.5887260103469929,0.421523746835248,-0.409014967488886
10X_P7_4_CCTTTCTTCGTAGATC,-0.496353368178595,-0.38795494365445693,-0.600850188165021,-0.0574343388812692,0.495698937599138,-0.538624475084503,1.17107911300446,-0.5887260103469929,1.43652214964136,-0.409014967488886
10X_P7_4_CGACTTCGTAGTACCT,1.4165733368041202,1.75397711558895,-0.600850188165021,0.227536550029498,1.33715930810486,-0.538624475084503,0.8758729852678192,-0.5887260103469929,1.24227610376348,-0.409014967488886
10X_P7_4_CGAGAAGAGCGATAGC,-0.496353368178595,-0.38795494365445693,-0.600850188165021,-0.164117178841148,-0.3441544696936961,-0.538624475084503,0.16874609365609602,1.1962243529262802,-1.02974996700722,-0.409014967488886
10X_P7_4_CGAGAAGTCTAGCACA,-0.496353368178595,-0.38795494365445693,1.81674558842217,0.329618495317649,2.2211365570281,-0.538624475084503,-1.04372213861018,-0.5887260103469929,-1.02974996700722,-0.409014967488886
10X_P7_4_CGATGTATCGAGAACG,1.79487213993833,-0.38795494365445693,-0.600850188165021,0.661267652875211,1.21810862295146,-0.538624475084503,-1.43960562554451,-0.5887260103469929,-1.02974996700722,-0.409014967488886
10X_P7_4_CGCCAAGTCCTAGAAC,1.1925481298333702,-0.38795494365445693,-0.600850188165021,0.584370430778239,-1.59692570219437,-0.538624475084503,1.5267766251504902,-0.5887260103469929,0.073890158594425,-0.409014967488886
10X_P7_4_CGCGGTACAAGTACCT,-0.496353368178595,-0.38795494365445693,-0.600850188165021,0.36896179590452,-0.5192278945412699,3.39689628583212,0.240649712847052,-0.5887260103469929,0.664025903115927,-0.409014967488886
10X_P7_4_CGCTATCCACTGCCAG,2.11352154085767,2.5343602311604903,-0.600850188165021,1.4500873783742498,1.7234442736224398,-0.538624475084503,-0.656399604463413,-0.5887260103469929,1.3715841760776002,-0.409014967488886
10X_P7_4_CGCTATCCATCTATGG,2.62281028357296,2.43597014104078,0.8487370426700971,1.1449805600833998,-1.59692570219437,-0.538624475084503,-0.96530890522409,0.8968703381423629,-1.02974996700722,1.63859475693373
10X_P7_4_CGCTGGATCTGCGACG,-0.496353368178595,-0.38795494365445693,-0.600850188165021,-0.925681196477163,-1.59692570219437,-0.538624475084503,0.679789036194262,1.29628589471908,0.975495124953635,-0.409014967488886
10X_P7_4_CGCTTCAAGATCCCAT,-0.496353368178595,-0.38795494365445693,1.38033944504663,-2.00644525021386,-0.171882128890974,-0.538624475084503,-0.0887436882356952,1.44167824691773,0.44332901142509296,-0.409014967488886
10X_P7_4_CGGACACAGTAGGCCA,-0.496353368178595,-0.38795494365445693,3.1449857510968195,1.35367220358731,0.382627482212938,-0.538624475084503,-0.7256373276555259,-0.5887260103469929,-1.02974996700722,-0.409014967488886
10X_P7_4_CGGACGTAGCTTTGGT,-0.496353368178595,-0.38795494365445693,-0.600850188165021,0.188680718081734,-0.421016322562776,-0.538624475084503,0.4220650754782321,-0.5887260103469929,0.7904742637073241,3.82011063606193
10X_P7_4_CGGACGTAGGCTAGCA,1.74621323912463,1.21599624652882,0.658095407922848,1.23718251701593,1.6274230401111698,-0.538624475084503,0.588305362471272,-0.5887260103469929,-1.02974996700722,-0.409014967488886
10X_P7_4_CGGACTGAGCAGCCTC,-0.496353368178595,-0.38795494365445693,2.2938936984781497,0.0344892946967404,-1.59692570219437,-0.538624475084503,0.8791864445891809,1.4666772458438602,-1.02974996700722,-0.409014967488886
10X_P7_4_CGGACTGCACTGTCGG,-0.496353368178595,-0.38795494365445693,-0.600850188165021,0.415437137019154,-0.132913497781616,-0.538624475084503,0.35956225430234795,0.7521435289311801,0.483611198146171,2.46603521027842
10X_P7_4_CGGACTGGTCCGTCAG,-0.496353368178595,-0.38795494365445693,-0.600850188165021,0.101311728637827,0.2800763948310529,1.09824345458815,0.3422041671208301,-0.5887260103469929,-1.02974996700722,-0.409014967488886
10X_P7_4_CGGACTGGTGGTACAG,-0.496353368178595,-0.38795494365445693,-0.600850188165021,0.208910879767101,-1.59692570219437,-0.538624475084503,1.11111619475257,-0.5887260103469929,0.750766610388711,2.97357117270782
10X_P7_4_CGGAGCTCACGACGAA,-0.496353368178595,-0.38795494365445693,-0.600850188165021,0.14107090591959806,0.11399368373280698,-0.538624475084503,0.102764613180761,-0.5887260103469929,1.44370530573953,-0.409014967488886
10X_P7_4_CGGAGCTGTTAAGGGC,-0.496353368178595,-0.38795494365445693,0.61215044921135,0.0968599984853268,-0.22274520816608895,1.23125465144003,0.978389307947202,-0.5887260103469929,-1.02974996700722,1.30440513444716
10X_P7_4_CGGAGCTTCCTGCAGG,-0.496353368178595,-0.38795494365445693,-0.600850188165021,0.6158424362042471,1.1643530114214098,-0.538624475084503,-0.646671666256318,-0.5887260103469929,-1.02974996700722,-0.409014967488886
10X_P7_4_CGGAGTCCACGAGGTA,1.04709391536433,-0.38795494365445693,-0.600850188165021,0.35644759839137896,-0.621223975127717,-0.538624475084503,0.430515546341418,0.801455298891398,1.20283710254902,-0.409014967488886
10X_P7_4_CGGAGTCCAGACACTT,-0.496353368178595,2.87021048345689,-0.600850188165021,0.689518335068384,-1.59692570219437,-0.538624475084503,-0.0109898488396126,-0.5887260103469929,1.5939123189436102,-0.409014967488886
10X_P7_4_CGGCTAGGTCAGTGGA,-0.496353368178595,2.0013483026216,0.5856474513001451,0.471801735975927,0.10254144054502197,2.2852475744778,0.604597435078039,0.62724535252519,1.00762505815385,2.92842531894813
10X_P7_4_CGGGTCATCAGGATCT,-0.496353368178595,-0.38795494365445693,-0.600850188165021,-2.00644525021386,0.485453357418005,-0.538624475084503,-0.0606664269624735,2.37825085063051,1.1228219790785,-0.409014967488886
10X_P7_4_CGGGTCATCTGCGTAA,-0.496353368178595,2.0726769961686498,-0.600850188165021,1.24508191383554,-0.207726360327478,-0.538624475084503,0.398188980632872,1.3906073312836498,0.406276541720761,-0.409014967488886
10X_P7_4_CGGTTAATCCGCAGTG,-0.496353368178595,-0.38795494365445693,-0.600850188165021,0.406348527250966,-0.14144923468148302,-0.538624475084503,-0.419849575365804,2.00223276711816,1.56952142134414,-0.409014967488886
10X_P7_4_CGTAGCGCATGGGAAC,-0.496353368178595,-0.38795494365445693,-0.600850188165021,0.7154106933873909,-0.228016364082062,-0.538624475084503,-0.17854917431424105,-0.5887260103469929,1.03229056927426,2.27927070664988
10X_P7_4_CGTAGGCCATTCGACA,1.3686008890397,-0.38795494365445693,-0.600850188165021,0.19223498820022894,-0.0900562774373136,0.979800312538415,0.483059841747313,1.55826384490102,1.6356019985654098,3.82807940096004
10X_P7_4_CGTCACTGTAACGCGA,-0.496353368178595,3.1319665226961297,2.16194562242998,0.832288464321049,1.10592085906693,-0.538624475084503,-0.188778716793607,-0.5887260103469929,-1.02974996700722,-0.409014967488886
10X_P7_4_CGTCAGGTCGGCTTGG,1.7381555768945802,-0.38795494365445693,-0.600850188165021,0.76436839825515,-0.184364184803781,-0.538624475084503,0.0970837364090734,-0.5887260103469929,0.430426210053097,-0.409014967488886
10X_P7_4_CGTCCATAGACAATAC,-0.496353368178595,-0.38795494365445693,-0.600850188165021,1.08385709301121,-1.59692570219437,2.75251877345965,0.95324643664667,-0.5887260103469929,-1.02974996700722,-0.409014967488886
10X_P7_4_CGTCTACCAAATCCGT,-0.496353368178595,-0.38795494365445693,-0.600850188165021,0.781700628344537,-1.59692570219437,-0.538624475084503,-0.121212810996257,2.5741409730485003,-1.02974996700722,-0.409014967488886
10X_P7_4_CGTGAGCAGGGCATGT,-0.496353368178595,-0.38795494365445693,2.47707451924048,1.37668014066679,0.21973836665710605,-0.538624475084503,0.256052310135994,1.15144549638873,0.848150260629312,-0.409014967488886
10X_P7_4_CGTGTCTAGCGATAGC,-0.496353368178595,-0.38795494365445693,1.27776920236215,-2.00644525021386,-0.24565955165728895,1.20174206672548,-1.09315560019996,-0.5887260103469929,1.4333102140706298,-0.409014967488886
10X_P7_4_CGTGTCTCACTCTGTC,-0.496353368178595,1.28814829904704,2.6557150839474,1.01059998318203,0.745478747269578,-0.538624475084503,-1.14073455272458,-0.5887260103469929,-0.0515749506911629,-0.409014967488886
10X_P7_4_CTAAGACGTACATCCA,3.36327447053414,-0.38795494365445693,-0.600850188165021,0.6038049035179051,-1.59692570219437,-0.538624475084503,-3.90360447007704,-0.5887260103469929,-1.02974996700722,-0.409014967488886
10X_P7_4_CTAAGACGTGACAAAT,2.1243496502252097,-0.38795494365445693,-0.600850188165021,0.508078927627566,0.733949347969092,-0.538624475084503,-0.4476219157677121,-0.5887260103469929,0.0992121814917779,-0.409014967488886
10X_P7_4_CTAAGACTCGTGGACC,-0.496353368178595,-0.38795494365445693,-0.600850188165021,0.19699167908857,-0.28753955638043605,-0.538624475084503,-0.0248650596730374,-0.5887260103469929,0.0977970779144976,-0.409014967488886
10X_P7_4_CTAATGGGTACAGTGG,-0.496353368178595,-0.38795494365445693,-0.600850188165021,0.40597023400361104,0.39602940829757305,-0.538624475084503,-2.29079821685894,-0.5887260103469929,-1.02974996700722,-0.409014967488886
10X_P7_4_CTACACCGTCCAGTTA,-0.496353368178595,-0.38795494365445693,-0.600850188165021,0.458504102195249,-0.0922201018729629,-0.538624475084503,1.0361261484015,-0.5887260103469929,0.5256762880824051,1.50090856308788
10X_P7_4_CTACCCACACGAAACG,0.605030456371398,-0.38795494365445693,-0.600850188165021,0.140866497761915,0.11377997631654,0.923714734258814,0.8637580691285391,1.8486900502186,0.738620222163616,3.3622584314757
10X_P7_4_CTACGTCGTCTCACCT,-0.496353368178595,-0.38795494365445693,-0.600850188165021,-0.0333115615196334,0.344543151699863,-0.538624475084503,0.812879190396202,0.419879742290992,-0.29799621579195,2.48859785628057
10X_P7_4_CTAGCCTGTTCGCGAC,-0.496353368178595,-0.38795494365445693,-0.600850188165021,0.8230116760539471,1.09517589830802,-0.538624475084503,0.181756868436184,-0.5887260103469929,-1.02974996700722,-0.409014967488886
10X_P7_4_CTAGTGACAATGGTCT,-0.496353368178595,-0.38795494365445693,-0.600850188165021,0.312700925375763,0.5138934721893521,2.5587493865947004,1.13189653571825,-0.5887260103469929,0.749819637422539,1.83782697241115
10X_P7_4_CTAGTGATCGTGACAT,-0.496353368178595,-0.38795494365445693,-0.600850188165021,1.02500240155232,-0.00419474196341738,0.8026859554635278,0.796738054052989,0.8951029585136071,0.04678307009449599,-0.409014967488886
10X_P7_4_CTAGTGATCTCCCTGA,-0.496353368178595,-0.38795494365445693,3.03368894678813,1.80053104700261,1.01735036172209,2.8284387721422006,0.6338542100580129,-0.5887260103469929,1.6726481811750302,-0.409014967488886
10X_P7_4_CTCAGAACACCCTATC,-0.496353368178595,3.6463155999623695,-0.600850188165021,1.2163868119268502,0.0134278447354694,-0.538624475084503,-1.21713762849495,-0.5887260103469929,-1.02974996700722,-0.409014967488886
10X_P7_4_CTCAGAATCGCAGGCT,-0.496353368178595,-0.38795494365445693,-0.600850188165021,0.272562207259062,-0.0537419945211367,2.59106809591065,0.303315840130029,-0.5887260103469929,1.68189217254126,-0.409014967488886
10X_P7_4_CTCATTACACGAAATA,2.5474416337473,1.39859693764954,1.5554373075779,1.2990953746593898,0.6120390876364891,-0.538624475084503,-0.79820854500119,-0.5887260103469929,0.959267333400999,-0.409014967488886
10X_P7_4_CTCGAGGGTCGCATCG,-0.496353368178595,1.82726955131018,-0.600850188165021,0.0788092166931027,0.255480211488281,2.3624565993520297,0.00725252278471371,-0.5887260103469929,-1.02974996700722,-0.409014967488886
10X_P7_4_CTCGGAGGTCAACTGT,0.496094938683145,1.99399597934235,1.26874948728496,0.68805780672951,1.0823486160548,-0.538624475084503,-0.5458281889466989,-0.5887260103469929,0.0437384137865493,-0.409014967488886
10X_P7_4_CTCGGAGTCATCACCC,-0.496353368178595,-0.38795494365445693,-0.600850188165021,0.0482750134557562,-1.59692570219437,-0.538624475084503,-0.936860340231596,-0.5887260103469929,-1.02974996700722,-0.409014967488886
10X_P7_4_CTCGTCAGTGGTCTCG,-0.496353368178595,-0.38795494365445693,-0.600850188165021,-0.5922674707432429,-0.445061766834624,-0.538624475084503,0.487176467110645,-0.5887260103469929,0.759746030789796,-0.409014967488886
10X_P7_4_CTCTACGAGTGGAGAA,3.10749568191784,-0.38795494365445693,-0.600850188165021,0.834882753294187,1.4242752570003605,-0.538624475084503,-1.2164636992459,-0.5887260103469929,-1.02974996700722,-0.409014967488886
10X_P7_4_CTCTACGCAAAGCAAT,-0.496353368178595,-0.38795494365445693,0.8168245044145881,0.000108788249203772,-1.59692570219437,-0.538624475084503,0.518669985440178,-0.5887260103469929,0.0243373111041381,-0.409014967488886
10X_P7_4_CTCTGGTGTTCCCGAG,-0.496353368178595,-0.38795494365445693,-0.600850188165021,1.18446573673999,0.767602366600058,-0.538624475084503,-1.11463970718023,-0.5887260103469929,-1.02974996700722,-0.409014967488886
10X_P7_4_CTCTGGTGTTTGGCGC,-0.496353368178595,-0.38795494365445693,-0.600850188165021,0.197852546208942,0.6083479688776,2.75237666094015,0.102834171106789,0.6382515388363821,1.44376120267881,2.95100869332194
10X_P7_4_CTGAAACTCCGAATGT,-0.496353368178595,1.70103217027179,-0.600850188165021,-0.564488607377438,-1.59692570219437,-0.538624475084503,0.905142192450473,-0.5887260103469929,-1.02974996700722,-0.409014967488886
10X_P7_4_CTGATAGGTGAAGGCT,-0.496353368178595,-0.38795494365445693,1.21064309150228,-0.110713475855177,-1.59692570219437,-0.538624475084503,0.7014918373915561,1.26776647547351,-1.02974996700722,-0.409014967488886
10X_P7_4_CTGATCCCAAGCCCAC,-0.496353368178595,-0.38795494365445693,2.32504080795969,0.943510472429308,-1.59692570219437,-0.538624475084503,-0.0310043197290178,-0.5887260103469929,-1.02974996700722,-0.409014967488886
10X_P7_4_CTGCCTAAGGGTGTTG,-0.496353368178595,-0.38795494365445693,-0.600850188165021,-0.28890593110615803,0.505571963771879,1.1062894712544098,0.762408508205782,-0.5887260103469929,1.64614576161881,3.719902995128991
10X_P7_4_CTGCGGATCGGAGCAA,-0.496353368178595,-0.38795494365445693,-0.600850188165021,0.8796448573019509,-0.6600460875956801,2.7048803235916696,1.01565078417988,-0.5887260103469929,1.14200317122719,3.71683376572786
10X_P7_4_CTGCTGTTCCTCGCAT,-0.496353368178595,-0.38795494365445693,-0.600850188165021,-0.0923229861781519,-0.125579584172493,1.82617527310222,1.18770452310304,-0.5887260103469929,0.8682335251607199,1.4502180970570502
10X_P7_4_CTGTTTAGTTAAAGTG,-0.496353368178595,-0.38795494365445693,-0.600850188165021,1.11688304883309,1.8953247289837096,-0.538624475084503,0.21551068203562695,-0.5887260103469929,1.3383342726834,-0.409014967488886
10X_P7_4_CTTACCGAGTCCATAC,-0.496353368178595,-0.38795494365445693,-0.600850188165021,0.43098947461658,-1.59692570219437,-0.538624475084503,-0.9036220055412992,-0.5887260103469929,-1.02974996700722,-0.409014967488886
10X_P7_4_CTTACCGGTCCATCCT,-0.496353368178595,-0.38795494365445693,-0.600850188165021,0.7881648896365211,-1.59692570219437,-0.538624475084503,1.41826652944916,2.58421873348902,-1.02974996700722,2.00887018811799
10X_P7_4_CTTCTCTCACCGCTAG,-0.496353368178595,-0.38795494365445693,-0.600850188165021,1.06539995651849,0.239390983780827,-0.538624475084503,0.45390022256477,1.5079381184059502,-0.0509307404734656,-0.409014967488886
10X_P7_4_GAACGGATCCTTCAAT,-0.496353368178595,-0.38795494365445693,-0.600850188165021,-0.6860605690240429,-1.59692570219437,-0.538624475084503,1.2124942322361398,1.71421960919343,0.0660566871863383,-0.409014967488886
10X_P7_4_GAAGCAGTCACTATTC,-0.496353368178595,-0.38795494365445693,1.8425755121796497,1.25838705057969,0.16059817777666,-0.538624475084503,-0.504635696949185,-0.5887260103469929,-1.02974996700722,-0.409014967488886
10X_P7_4_GAAGCAGTCGAATCCA,-0.496353368178595,3.15739591561633,-0.600850188165021,1.05547893220303,0.404673562074415,-0.538624475084503,-0.169353293114327,-0.5887260103469929,-1.02974996700722,-0.409014967488886
10X_P7_4_GAATAAGTCCCATTAT,-0.496353368178595,-0.38795494365445693,1.57364159623251,0.157412378430165,-1.59692570219437,-0.538624475084503,1.38385176286623,-0.5887260103469929,0.974174606729787,-0.409014967488886
10X_P7_4_GACACGCAGGGTTCCC,-0.496353368178595,-0.38795494365445693,-0.600850188165021,0.760267381240045,0.16965363028295302,3.18667613793846,0.986120966591633,0.691958831542414,0.7963772666835451,-0.409014967488886
10X_P7_4_GACACGCCAGCCTTGG,-0.496353368178595,-0.38795494365445693,0.6771434660775849,-0.539016217571647,-0.16135490522810098,-0.538624475084503,0.034667001170697,-0.5887260103469929,0.827129994681463,-0.409014967488886
10X_P7_4_GACAGAGGTGCACGAA,-0.496353368178595,-0.38795494365445693,1.13007270109623,0.903127395821379,1.1881458823986002,-0.538624475084503,0.545072082165132,-0.5887260103469929,0.257247541315435,-0.409014967488886
10X_P7_4_GACGTTAAGTGTACCT,2.5434814131599,-0.38795494365445693,-0.600850188165021,1.42423362466265,1.4769471405543997,-0.538624475084503,0.405393793539745,-0.5887260103469929,0.956679462911436,-0.409014967488886
10X_P7_4_GACGTTATCCACGAAT,0.7556047853700429,-0.38795494365445693,0.49945456442226,0.829615686051511,-0.33104102005442304,3.0859018031679906,0.792692019639557,-0.5887260103469929,1.48445250032709,2.7445277292638
10X_P7_4_GACTACACAAGCTGAG,-0.496353368178595,-0.38795494365445693,2.29674912234833,0.28885273524477506,-1.59692570219437,-0.538624475084503,-0.0582213448177739,-0.5887260103469929,-1.02974996700722,-0.409014967488886
10X_P7_4_GACTACAGTAGCGTGA,-0.496353368178595,-0.38795494365445693,-0.600850188165021,0.506878127171397,-1.59692570219437,-0.538624475084503,0.0211594906969696,1.77004372221921,-1.02974996700722,-0.409014967488886
10X_P7_4_GACTGCGGTGCAACTT,-0.496353368178595,2.78666316517821,1.89091608990919,0.0235780193033397,0.888094080778903,-0.538624475084503,-0.4561700987417671,-0.5887260103469929,-1.02974996700722,-0.409014967488886
10X_P7_4_GAGCAGAAGATATGCA,1.77637034761798,2.7960741660334905,1.3965717693666002,1.17236158462746,0.8940871096891241,-0.538624475084503,0.036493235202421,-0.5887260103469929,-0.07861050136621,-0.409014967488886
10X_P7_4_GATCAGTAGTCTCCTC,-0.496353368178595,-0.38795494365445693,-0.600850188165021,0.0835426673277239,-1.59692570219437,-0.538624475084503,0.5623533181492869,-0.5887260103469929,-1.02974996700722,-0.409014967488886
10X_P7_4_GATCGCGGTTGCGCAC,1.02319230034443,-0.38795494365445693,-0.600850188165021,0.217225954073107,0.259037317428997,0.698572523222537,0.704146933615371,0.77992713993478,1.61304661572927,-0.409014967488886
10X_P7_4_GATCGTATCTCGGACG,1.18306920027134,1.49251911267502,-0.600850188165021,0.987152367478729,1.11800011219033,-0.538624475084503,0.318283440116154,0.9239280918475542,0.06769599805592,-0.409014967488886
10X_P7_4_GATGAAAAGAAGATTC,-0.496353368178595,-0.38795494365445693,-0.600850188165021,-0.0359282462096804,-0.605947992912218,-0.538624475084503,0.76638807088137,1.58892114888433,-0.00536835581577709,1.5370826337793502
10X_P7_4_GATTCAGCACAGCGTC,-0.496353368178595,-0.38795494365445693,-0.600850188165021,0.486721808475419,-0.423850581329722,-0.538624475084503,-0.303801194238143,1.9151805676313305,0.182867199962561,-0.409014967488886
10X_P7_4_GCAAACTAGCCCTAAT,-0.496353368178595,-0.38795494365445693,-0.600850188165021,-0.462851426991495,-1.59692570219437,-0.538624475084503,-0.4755549156598499,0.813512526633146,0.923508674855078,-0.409014967488886
10X_P7_4_GCAAACTGTCAGAGGT,-0.496353368178595,-0.38795494365445693,-0.600850188165021,0.9034641882183052,-0.0572199209010581,-0.538624475084503,1.14634961564731,-0.5887260103469929,-1.02974996700722,2.61468344627696
10X_P7_4_GCAAACTGTTTCCACC,-0.496353368178595,-0.38795494365445693,1.7712662873407798,0.297783171441844,0.109306392845827,-0.538624475084503,-0.201106506328696,-0.5887260103469929,0.7339958430271291,-0.409014967488886
10X_P7_4_GCACTCTGTAAACCTC,1.4484892017521,1.78971377719365,-0.600850188165021,1.13132996597937,0.6276782037002769,-0.538624475084503,-0.92699267605836,-0.5887260103469929,-1.02974996700722,-0.409014967488886
10X_P7_4_GCAGTTAAGTATTGGA,-0.496353368178595,-0.38795494365445693,-0.600850188165021,0.650262949480742,-0.15857591690954098,-0.538624475084503,-0.308603433535617,1.4606369580486,-1.02974996700722,2.4156389482436498
10X_P7_4_GCAGTTATCGCACTCT,2.02545927050069,2.4357556167777004,-0.600850188165021,0.961623999847278,-0.00274300924885783,-0.538624475084503,-2.0232633504590902,-0.5887260103469929,-1.02974996700722,-0.409014967488886
10X_P7_4_GCATACATCCCTGACT,-0.496353368178595,-0.38795494365445693,-0.600850188165021,0.080762205985825,-1.59692570219437,-0.538624475084503,-0.12994517667221,3.96973773577592,0.6739567419997681,-0.409014967488886
10X_P7_4_GCCAAATCACCATCCT,0.8534790919828821,-0.38795494365445693,-0.600850188165021,0.471615739208742,-0.7436190316827729,-0.538624475084503,-0.32561235905427804,-0.5887260103469929,0.7268095253334351,-0.409014967488886
10X_P7_4_GCCTCTACATCGGAAG,2.08003442823701,1.50705651454395,0.8865493938399219,0.963852515667187,0.0317570842924194,0.839313216752669,0.7779305939150258,-0.5887260103469929,0.398058904106909,-0.409014967488886
10X_P7_4_GCCTCTATCAAGAAGT,-0.496353368178595,-0.38795494365445693,-0.600850188165021,-0.490676825296578,1.72245643613323,-0.538624475084503,0.31161085303568603,-0.5887260103469929,-1.02974996700722,-0.409014967488886
10X_P7_4_GCGAGAAGTCGAGTTT,-0.496353368178595,-0.38795494365445693,-0.600850188165021,-0.3434946868703189,0.055682719039846,-0.538624475084503,0.736031555997169,-0.5887260103469929,0.0958439393453861,-0.409014967488886
10X_P7_4_GCGCGATTCTTGCATT,-0.496353368178595,-0.38795494365445693,-0.600850188165021,-0.175552581774114,-0.3548240886021861,-0.538624475084503,-0.906542234790484,-0.5887260103469929,1.28705570631859,-0.409014967488886
10X_P7_4_GCTCCTAGTCTAAAGA,-0.496353368178595,-0.38795494365445693,-0.600850188165021,0.5527645189313579,0.104226841715265,-0.538624475084503,-0.583762577729775,2.38716285058377,1.43220517761843,-0.409014967488886
10X_P7_4_GCTCTGTAGTCGTTTG,-0.496353368178595,-0.38795494365445693,-0.600850188165021,1.33173556612008,0.696841377914723,-0.538624475084503,0.9162868388908452,-0.5887260103469929,-1.02974996700722,-0.409014967488886
10X_P7_4_GCTCTGTGTCTAAAGA,-0.496353368178595,-0.38795494365445693,1.95040490875043,0.685237948460454,0.23815844057052105,-0.538624475084503,-0.915702426395898,-0.5887260103469929,-1.02974996700722,-0.409014967488886
10X_P7_4_GCTGCAGAGCCCTAAT,-0.496353368178595,-0.38795494365445693,1.21938214976003,0.143562136311124,-0.28765658852846304,1.9385501659403104,1.13618778020745,-0.5887260103469929,-1.02974996700722,-0.409014967488886
10X_P7_4_GCTGCAGTCAACGGGA,1.61252243311784,3.06959488981434,1.25257123826658,-0.0789520395715191,-1.59692570219437,-0.538624475084503,-1.12055936700427,-0.5887260103469929,0.348329190931086,-0.409014967488886
10X_P7_4_GCTGCAGTCGTTTGCC,-0.496353368178595,-0.38795494365445693,-0.600850188165021,-0.4837379902647079,0.267071485163294,-0.538624475084503,-0.593633703802648,2.63839657576662,1.31156035354551,-0.409014967488886
10X_P7_4_GCTGCGAGTAAACGCG,-0.496353368178595,-0.38795494365445693,-0.600850188165021,-0.398003073898611,-0.24966015450868,-0.538624475084503,0.16987618350342198,2.21663436454876,1.99481681255689,-0.409014967488886
10X_P7_4_GCTGCTTCAGCTGTAT,-0.496353368178595,-0.38795494365445693,0.98671135162054,0.44876272544642,0.804838743613853,-0.538624475084503,0.3602002012473621,1.03827205940617,0.7469857341722529,-0.409014967488886
10X_P7_4_GCTGCTTTCCAATGGT,-0.496353368178595,1.43930526090251,-0.600850188165021,0.430340137253438,-0.565309135527925,-0.538624475084503,1.70226267986554,-0.5887260103469929,0.0366403572101273,-0.409014967488886
10X_P7_4_GCTTCCACACGAGGTA,-0.496353368178595,-0.38795494365445693,-0.600850188165021,0.5368690604419121,0.579877887430854,2.5055605197821604,1.4430761308983,0.6137295813716209,0.71235386840548,1.24833951193822
10X_P7_4_GGAAAGCAGGAGTAGA,-0.496353368178595,-0.38795494365445693,-0.600850188165021,0.190564678953692,0.6656940262191371,2.0052546095305703,1.28972216662407,-0.5887260103469929,0.6214316550152329,4.03435321809562
10X_P7_4_GGACAGAAGTCAAGGC,-0.496353368178595,-0.38795494365445693,-0.600850188165021,-0.409114820689464,0.35842021768632204,-0.538624475084503,0.359106770956854,1.66149909014582,0.6028112731579339,1.61542356331173
10X_P7_4_GGACGTCCACGCGAAA,-0.496353368178595,-0.38795494365445693,-0.600850188165021,-0.4596567154396339,-0.312410313404985,-0.538624475084503,0.0648909385270278,2.68358697773975,0.298063899281905,-0.409014967488886
10X_P7_4_GGAGCAATCTGTCAAG,-0.496353368178595,-0.38795494365445693,1.5840154558252,1.27492917311266,1.06105262776125,-0.538624475084503,0.5286218004461439,1.6504137624156103,-1.02974996700722,-0.409014967488886
10X_P7_4_GGATGTTAGTGTACGG,-0.496353368178595,-0.38795494365445693,1.80977402224242,0.5854747273052839,2.36992156963018,2.57688200783711,-0.161215048851924,-0.5887260103469929,-1.02974996700722,-0.409014967488886
10X_P7_4_GGATTACCACGGTAAG,-0.496353368178595,-0.38795494365445693,-0.600850188165021,-0.68657083415187,0.686864515302403,1.54232373996185,0.414754478449452,1.71332963155459,-1.02974996700722,-0.409014967488886
10X_P7_4_GGCAATTCATGATCCA,1.27050797809114,1.59042559332869,2.2825411316919704,1.15599702218044,-0.4799911068737721,-0.538624475084503,0.134122117894554,-0.5887260103469929,0.124834288151045,-0.409014967488886
10X_P7_4_GGCAATTGTAAATACG,-0.496353368178595,1.90867777444682,-0.600850188165021,0.8659052643660309,0.715451119590352,-0.538624475084503,0.515838165629971,-0.5887260103469929,-1.02974996700722,-0.409014967488886
10X_P7_4_GGCCGATCAAGGACTG,-0.496353368178595,-0.38795494365445693,2.5405061745832,-0.160620481875904,-1.59692570219437,-0.538624475084503,-3.90360447007704,-0.5887260103469929,-1.02974996700722,-0.409014967488886
10X_P7_4_GGCGACTCAAATCCGT,-0.496353368178595,-0.38795494365445693,-0.600850188165021,0.113222707759171,-0.612423251927251,-0.538624475084503,0.167487965510907,1.5770771622515902,0.9240051453375928,-0.409014967488886
10X_P7_4_GGCTCGACAAGCTGTT,0.7676006156558779,-0.38795494365445693,-0.600850188165021,0.107081340602187,0.504265469411826,0.490472647292992,0.9055440311529128,0.549715984270843,-0.203798699206348,1.16010904203157
10X_P7_4_GGCTCGATCACATACG,-0.496353368178595,-0.38795494365445693,-0.600850188165021,1.13358596436359,0.7120924510379351,-0.538624475084503,0.9367154197139292,-0.5887260103469929,-1.02974996700722,-0.409014967488886
10X_P7_4_GGCTGGTCAGGGCATA,-0.496353368178595,-0.38795494365445693,-0.600850188165021,1.44028477670078,0.626423917495806,-0.538624475084503,0.126708287737942,-0.5887260103469929,-1.02974996700722,-0.409014967488886
10X_P7_4_GGCTGGTGTGTCGCTG,1.65061153939023,0.167247976027628,1.28604649822995,0.469174684403708,0.4516113226804779,-0.538624475084503,0.67081021189917,0.212276874787927,0.5935849240288691,0.206545023791332
10X_P7_4_GGGAATGTCCGCAGTG,2.7334320157624705,4.1585678275659514,-0.600850188165021,1.0940729153005,0.735617785336251,-0.538624475084503,-0.6446033595721079,-0.5887260103469929,-1.02974996700722,-0.409014967488886
10X_P7_4_GGGACCTCACTCTGTC,-0.496353368178595,-0.38795494365445693,-0.600850188165021,-0.45595078886332,1.00672812500266,-0.538624475084503,-0.8325904801537719,-0.5887260103469929,0.93224072007024,-0.409014967488886
10X_P7_4_GGGCATCCAGTCGATT,0.787923418709025,1.05006859149273,-0.600850188165021,-0.450876459667843,0.711303999131611,0.507019245039526,0.980909065101639,-0.5887260103469929,0.307259694790721,1.18533859834398
10X_P7_4_GGGTCTGCATTGTGCA,1.00884748356249,-0.38795494365445693,1.4533205468687702,0.9610784309021172,0.24603554244077105,1.3643740974016598,-0.710422703264904,1.5164722683256298,1.40015511293515,2.49259721783394
10X_P7_4_GGTATTGCACAGAGGT,-0.496353368178595,-0.38795494365445693,-0.600850188165021,0.32128856913751896,-1.59692570219437,-0.538624475084503,0.86485609386951,1.6783635331881397,1.30176595274977,-0.409014967488886
10X_P7_4_GGTATTGGTCGGCACT,-0.496353368178595,-0.38795494365445693,-0.600850188165021,0.0017857484238929,-0.414678695496374,0.9840534472436748,0.5424712557492921,-0.5887260103469929,0.1923482519576,1.91270028633672
10X_P7_4_GGTGAAGTCGACCAGC,-0.496353368178595,-0.38795494365445693,-0.600850188165021,1.15922993336201,1.48774641250503,-0.538624475084503,-0.639132859732866,-0.5887260103469929,1.38598116784014,-0.409014967488886
10X_P7_4_GGTGCGTGTATATCCG,-0.496353368178595,-0.38795494365445693,-0.600850188165021,-0.562231043591689,-1.59692570219437,-0.538624475084503,1.60207767236224,1.93019656441472,1.51055932360416,4.41700861876848
10X_P7_4_GGTGTTATCAGTGCAT,-0.496353368178595,-0.38795494365445693,1.31192158191241,0.215807345004975,0.406123145875685,-0.538624475084503,0.768886236306016,1.3715608193621,1.0408177027414,-0.409014967488886
10X_P7_4_GTAACGTGTCTTGTCC,-0.496353368178595,-0.38795494365445693,1.40634665321064,-0.304409040111984,-0.15317548706708806,1.32085714379554,-0.300187018406934,-0.5887260103469929,1.12400115982994,-0.409014967488886
10X_P7_4_GTAACGTGTTGAGTTC,3.6666713918843,-0.38795494365445693,-0.600850188165021,-0.435411386900832,1.03476149018627,-0.538624475084503,-1.6352394891193405,-0.5887260103469929,-1.02974996700722,-0.409014967488886
10X_P7_4_GTAACGTGTTTGCATG,-0.496353368178595,-0.38795494365445693,-0.600850188165021,1.38591538500105,0.8654317704469671,2.6327748511381497,0.192013328848026,-0.5887260103469929,-1.02974996700722,-0.409014967488886
10X_P7_4_GTAGGCCAGCTAACAA,-0.496353368178595,-0.38795494365445693,-0.600850188165021,-0.0419315005962022,-0.228360453818584,-0.538624475084503,1.23774599090056,-0.5887260103469929,-1.02974996700722,-0.409014967488886
10X_P7_4_GTAGGCCCAGCCTATA,2.8424698000859303,3.3505742773671203,2.3335314360745096,-2.00644525021386,-1.59692570219437,-0.538624475084503,-0.0228480984045311,-0.5887260103469929,-1.02974996700722,-0.409014967488886
10X_P7_4_GTAGGCCTCAACGGGA,-0.496353368178595,2.07519908851758,2.20838509785694,0.231688402729502,-0.20630246227325896,2.99007505378712,0.241134306384557,-0.5887260103469929,1.05900790651389,-0.409014967488886
10X_P7_4_GTATCTTAGGTGATAT,2.26536837933234,-0.38795494365445693,-0.600850188165021,1.2222889538133102,1.8876929761288896,1.93147702633361,-0.35811383226408505,-0.5887260103469929,0.567605690308175,-0.409014967488886
10X_P7_4_GTATCTTTCATCGGAT,-0.496353368178595,-0.38795494365445693,0.946699268199404,-0.6316276480578139,0.47188384798067,0.895036493834324,0.935174457403445,0.997266037994374,1.41074994002915,-0.409014967488886
10X_P7_4_GTATTCTTCACCATAG,1.44082906988752,0.390294024344409,0.009999516563305241,0.8547705663268539,1.04565275495018,-0.538624475084503,0.192614375831926,1.41069013427311,0.420846819933054,-0.409014967488886
10X_P7_4_GTATTCTTCCGTCATC,-0.496353368178595,-0.38795494365445693,-0.600850188165021,1.0224036119677,0.250345385904096,-0.538624475084503,1.15543446685948,-0.5887260103469929,1.7738229577784,1.46549942056893
10X_P7_4_GTCAAGTAGAGGTTGC,1.13754199140389,0.7163378188688059,-0.600850188165021,0.588528361933174,0.361227082493361,2.65075111489864,0.779873430606423,0.8829217837577529,2.0558314895852803,2.21906075829358
10X_P7_4_GTCACAAGTTCCTCCA,3.60062998926418,4.1994973495439,-0.600850188165021,1.60257083875256,0.993012924309468,-0.538624475084503,0.0540531885312068,-0.5887260103469929,-1.02974996700722,-0.409014967488886
10X_P7_4_GTCACGGCATGGATGG,0.996251704308847,2.2108664316628195,0.7109512089812879,1.06059304919153,-0.653364258546307,-0.538624475084503,0.5985839690101011,-0.5887260103469929,-1.02974996700722,-0.409014967488886
10X_P7_4_GTCATTTAGTGTGAAT,-0.496353368178595,-0.38795494365445693,-0.600850188165021,1.50160618416057,-1.59692570219437,-0.538624475084503,-0.7760949275954669,-0.5887260103469929,-1.02974996700722,-0.409014967488886
10X_P7_4_GTCATTTGTAGGAGTC,-0.496353368178595,-0.38795494365445693,-0.600850188165021,-0.503573133644932,-0.356698737972285,-0.538624475084503,0.973716475855795,2.032504610462,-0.231210719355307,-0.409014967488886
10X_P7_4_GTCATTTTCACCGTAA,3.48600228936948,-0.38795494365445693,2.8991109280056,-2.00644525021386,0.9205501677583,-0.538624475084503,-3.90360447007704,-0.5887260103469929,-1.02974996700722,-0.409014967488886
